inst,conss,vars,vars_rmp,dual,obj,time
instance_0001.txt,10,15,0,31,6.2,171.3432960510254
instance_0002.txt,0,0,0,2,2.0,0.8443708419799805
instance_0003.txt,9,14,0,36,7.2,359.31517362594604
instance_0004.txt,0,0,0,0,,36.71567344665527
