inst,conss,vars,vars_rmp,dual,obj,time
instance_0001.txt,9,19,0,51,3.923076923076923,160.48128509521484
instance_0002.txt,0,0,0,2,2.0,0.8153393268585205
instance_0003.txt,9,17,0,50,4.166666666666667,342.2145416736603
instance_0004.txt,0,0,0,0,0.0,38.405468225479126
