inst,conss,vars,vars_rmp,dual,obj,time
instance_0001.txt,12,18,0,51,0.8793103448275862,182.73314595222473
instance_0002.txt,4,5,0,2,0.6666666666666666,1.016183614730835
instance_0003.txt,9,17,0,50,0.8064516129032258,347.46985054016113
instance_0004.txt,0,0,0,0,0.0,39.746880769729614
