inst,conss,vars,vars_rmp,dual,obj,time
instance_0001.txt,10,15,0,31,6.2,172.45361804962158
instance_0002.txt,0,0,0,2,2.0,0.7924439907073975
instance_0003.txt,9,14,0,36,7.2,362.7041735649109
instance_0004.txt,0,0,0,0,,35.42948651313782
