inst,conss,vars,vars_rmp,dual,obj,time
instance_0001.txt,10,15,0,31,6.2,165.9748833179474
instance_0002.txt,0,0,0,2,2.0,0.8328850269317627
instance_0003.txt,9,14,0,36,7.2,359.6749062538147
instance_0004.txt,0,0,0,0,,36.59141230583191
