inst,conss,vars,vars_rmp,dual,obj,time
instance_0001.txt,9,21,0,51,3.923076923076923,189.74747157096863
instance_0002.txt,0,0,0,2,2.0,0.8218145370483398
instance_0003.txt,13,20,0,50,4.545454545454546,373.93297147750854
instance_0004.txt,0,0,0,0,0.0,36.95120072364807
