inst,conss,vars,vars_rmp,dual,obj,time
instance_0001.txt,10,15,0,31,6.2,168.38691759109497
instance_0002.txt,0,0,0,2,2.0,0.7930457592010498
instance_0003.txt,9,14,0,36,7.2,348.27973675727844
instance_0004.txt,0,0,0,0,,35.103249311447144
