inst,conss,vars,vars_rmp,dual,obj,time
instance_0001.txt,9,19,0,51,3.923076923076923,193.74985074996948
instance_0002.txt,0,0,0,2,2.0,0.9124462604522705
instance_0003.txt,9,17,0,50,4.545454545454546,371.18137788772583
instance_0004.txt,0,0,0,0,0.0,36.89540100097656
